Disease, User_input
Psoriasis,"I have been experiencing a skin rash on my arms, legs, and torso for the past few weeks. It is red, itchy, and covered in dry, scaly patches."
Psoriasis,"My skin has been peeling, especially on my knees, elbows, and scalp. This peeling is often accompanied by a burning or stinging sensation."
Psoriasis,"I have been experiencing joint pain in my fingers, wrists, and knees. The pain is often achy and throbbing, and it gets worse when I move my joints."
Psoriasis,"There is a silver like dusting on my skin, especially on my lower back and scalp. This dusting is made up of small scales that flake off easily when I scratch them."
Psoriasis,"My nails have small dents or pits in them, and they often feel inflammatory and tender to the touch. Even there are minor rashes on my arms."
Psoriasis,"The skin on my palms and soles is thickened and has deep cracks. These cracks are painful and bleed easily."
Psoriasis,"The skin around my mouth, nose, and eyes is red and inflamed. It is often itchy and uncomfortable. There is a noticeable inflammation in my nails."
Psoriasis,"My skin is very sensitive and reacts easily to changes in temperature or humidity. I often have to be careful about what products I use on my skin."
Psoriasis,"I have noticed a sudden peeling of skin at different parts of my body, mainly arms, legs and back. Also, I face severe joint pain and skin rashes."
Psoriasis,"The skin on my genitals is red and inflamed. It is often itchy, burning, and uncomfortable. There are rashes on different parts of the body too."
Psoriasis,"I have experienced fatigue and a general feeling of malaise. I often feel tired and have a lack of energy, even after a good night's sleep."
Psoriasis,"The rash on my skin has spread to other parts of my body, including my chest and abdomen. It is itchy and uncomfortable, and it is often worse at night. I am also facing skin peeling."
Psoriasis,"The rash on my skin is worse in the winter months when the air is dry. I find that I have to moisturize more frequently and use humidifiers to keep my skin hydrated."
Psoriasis,"I have experienced difficulty sleeping due to the itching and discomfort caused by the rash. There are small dents in my nails, which is really concerning."
Psoriasis,"My skin is prone to infections due to dry, flaky patches. I am experiencing a strong pain in my joints. The skin on my knees and elbows is starting to peel off."
Psoriasis,"I am starting to have rashes on my skin. The rash often bleeds when I scratch or rub it. Moreover, I have noticed small dents in my nails."
Psoriasis,"I have noticed that my skin has become more sensitive than it used to be. There is a silver like dusting on my skin, especially on my back and elbows."
Psoriasis,"I am worried about the constant peeling of the skin on my palm, elbow and knee. I have developed rashes on my arms, which itch if I touch them. All of these are making my life quite discomforting and miserable."
Psoriasis,"There is strange pain in my joints. Also, I have noticed strange peeling of skin in different parts of my body. I am afraid there is something wrong going on with my body."
Psoriasis,"My nails have small dents on them. Even my joints have started to pain severely. There is a silver like dusting on my skin, particularly in my back."
Psoriasis,"The rashes on my skin are not healing. Moreover, I have noticed a sudden peeling of the skin, especially the skin on my elbows and knees. I am really worried about this."
Psoriasis,"For the past few weeks, I've had a skin rash on my arms, legs, and chest. It's red and irritating, with dry, scaly spots. I have a strange pain in my joints too."
Psoriasis,"My skin is peeling, particularly on my knees, elbows, and scalp. This peeling is frequently accompanied by a stinging or burning feeling."
Psoriasis,"I'm having joint discomfort in my fingers, wrists, and knees. The pain is frequently aching and throbbing, and it worsens when I move my joints."
Psoriasis,"My skin has a silvery film, particularly on my back, arms and scalp. This dusting is composed of tiny scales that easily peel off when scratched."
Psoriasis,"I have red and inflammatory skin around my mouth, nose, and eyes. It is frequently irritating and unpleasant. Recently, it has got very painful."
Psoriasis,"My skin is extremely sensitive and quickly irritated by changes in temperature or humidity. My nails have developed dents on them. I am worried about this sudden change."
Psoriasis,"I've seen a sudden peeling of skin on various regions of my body, mostly my arms, legs, and back. In addition, I have significant joint pain and skin rashes. The rash is spreading to different parts of my body."
Psoriasis,"My genital skin is red and irritated. It is frequently irritating, burning, and unpleasant. There are also rashes in various places of the body. Also, I have a strange pain in my joints."
Psoriasis,"I've had trouble sleeping because of the itching and pain produced by the rash. My nails have little dents, which is really alarming. There is a noticeable inflammation in my nails."
Psoriasis,"Because of dry, flaky areas on my skin, I am prone to infections. My joints are in excruciating agony. The skin on my knees and elbows is beginning to flake."
Psoriasis,"My skin is breaking out in rashes. When I scratch or rub the rash, it frequently bleeds. In addition, I've observed little dents in my nails. There is a noticeable inflammation in my nails."
Psoriasis,"I've observed that my skin is more sensitive now than it used to be. My skin has a silvery film, especially on my back and elbows."
Psoriasis,"My palms and soles have grown and developed severe fissures. These cracks are unpleasant and frequently bleed. Also, the skin is starting to peel off."
Psoriasis,"My nails are starting to have small pits on them. I am worried and don't know what is causing it. Also, my joints pain and there are rashes on my arms and back."
Psoriasis,"There is a silver like dusting on my skin. Moreover, the skin on my arms and back are starting to peel off. This is strange and really concerning me."
Psoriasis,"My skin rash has extended to other areas of my body, including my chest and belly. It is irritating and unpleasant, and it is frequently worst at night. I'm also experiencing skin flaking."
Psoriasis,"My skin rash gets worse in the winter when the air is dry. To keep my skin moisturized, I have to moisturize more regularly and use humidifiers. I am also facing joint pain."
Psoriasis,"I've had trouble sleeping because of the itching and pain produced by the rash. My nails have little dents. I am also experiencing skin peeling in different parts of my body."
Psoriasis,"My skin is peeling in places, especially on my knees, elbows, and arms. This peeling is often accompanied by a painful or burning sensation. I am also developing small dents on my nails, which is really concerning."
Psoriasis,"My skin has a silvery layer over it, especially on my back and arms. This dusting is made up of small scales that peel off readily when rubbed. Also, there are rashes all over my body."
Psoriasis,"My arms, face and back are all red and irritated. It is frequently irritating and unpleasant. My nails have a strange inflammation and have developed small dents. I have never seen anything like this."
Psoriasis,"I've had trouble sleeping because of the itching and pain produced by the rash. My nails have little dents, which is really alarming. Moreover, my joints pain everyday and I have no idea what is causing it."
Psoriasis,"My fingers and soles have pretty thick skin that is cracked severely. These fractures hurt and bleed frequently. The fractures are itchy and covered with scales."
Psoriasis,"My skin has changed from being less sensitive to being more sensitive. My skin has a silvery coating, especially on my back, elbows and knees."
Psoriasis,"My nails are slightly dented. Even my joints are now experiencing excruciating discomfort. My skin has a silver-like powder, especially on my back and elbows."
Psoriasis,"I've had trouble falling asleep because of the rash's pain and itching. The skin on my fingers are starting to peel off. My nails have a few tiny cracks, which is really worrying."
Psoriasis,"My joints are experiencing an unusual discomfort. Additionally, I've experienced weird skin peeling in various places on my body. I'm concerned that something is wrong with my body."
Psoriasis,"I am starting to have rashes on my arms and neck. The rash often bleeds and hurts when I scratch it. I have also developed small dents in my nails, which is very strange."
Psoriasis,"Because of dry, flaky areas on my skin, I am prone to infections. My joints are in extreme pain . My knees and elbows' skin are starting to peel off."
Melanoma,I've noticed a mole on my back that has become incredibly itchy and bleeds sometimes. It's been causing me a lot of discomfort and worry.
Melanoma,There's a mole on my arm that has been growing rapidly and has changed in color recently. It's also quite painful to touch.
Melanoma,"I have a mole on my leg that is red and inflamed, and it's been causing me a lot of swelling and discomfort."
Melanoma,"The mole on my neck is oozing and bleeding, and it's been scaring me with how quickly it's changing."
Melanoma,"I've had a mole on my face that is now crusty and scabbed, and it's making me feel very self-conscious."
Melanoma,"There's a mole on my chest that is firm and raised, and it's been bothering me with how rough it feels against my clothes."
Melanoma,"I've noticed a mole on my hand that is scaly and flaky, and it's been making me anxious about what it could be."
Melanoma,"The mole on my stomach is painful and tender, and it's been impacting my sleep because of the discomfort."
Melanoma,"I have a mole on my shoulder that is itching uncontrollably, and it's been driving me crazy."
Melanoma,"The mole on my back is growing rapidly, and it's been causing me a lot of stress and anxiety."
Melanoma,"I've noticed a mole on my leg that is changing in size, shape, and color, and it's been keeping me up at night with worry."
Melanoma,"There's a mole on my arm that is oozing and bleeding, and it's been making me feel weak and fatigued."
Melanoma,"I have a mole on my neck that is itchy and painful, and it's been making it hard for me to concentrate at work."
Melanoma,"The mole on my face is red and inflamed, and it's been causing me a lot of embarrassment in social situations."
Melanoma,"I've had a mole on my chest that is scaly and flaky, and it's been impacting my confidence and self-esteem."
Melanoma,"There's a mole on my hand that is firm and raised, and it's been making it difficult for me to do daily tasks."
Melanoma,"I've noticed a mole on my stomach that is crusty and scabbed, and it's been affecting my appetite and digestion."
Melanoma,"The mole on my shoulder is growing rapidly, and it's been causing me a lot of physical pain and discomfort."
Melanoma,"I have a mole on my back that is red and inflamed, and it's been making it hard for me to exercise or be active."
Melanoma,"The mole on my leg is painful and tender, and it's been impacting my mobility and overall quality of life."
Melanoma,"I've noticed a mole on my arm that is itchy and bleeding, and it's been causing me a lot of stress and anxiety."
Melanoma,"There's a mole on my neck that is scaly and flaky, and it's been making me feel very insecure and worried."
Melanoma,"I have a mole on my face that is firm and raised, and it's been affecting my confidence and self-image."
Melanoma,"The mole on my chest is oozing and bleeding, and it's been causing me a lot of pain and discomfort."
Melanoma,"I've had a mole on my hand that is growing rapidly, and it's been making me feel very anxious and scared."
Melanoma,"There's a mole on my stomach that is changing in size, shape, and color, and it's been keeping me up at night with worry."
Melanoma,"I have a mole on my shoulder that is crusty and scabbed, and it's been making me feel self-conscious and embarrassed."
Melanoma,"The mole on my back is itchy and painful, and it's been affecting my ability to focus and concentrate."
Melanoma,"I've noticed a mole on my leg that is red and inflamed, and it's been causing me a lot of swelling and discomfort."
Melanoma,"There's a mole on my arm that is scaly and flaky, and it's been impacting my daily activities and routines."
Melanoma,"I have a mole on my neck that is firm and raised, and it's been making me feel very self-conscious and anxious."
Melanoma,"The mole on my face is oozing and bleeding, and it's been causing me a lot of physical pain and discomfort."
Melanoma,"I've had a mole on my chest that is growing rapidly, and it's been keeping me up at night with worry and fear."
Melanoma,"There's a mole on my hand that is changing in size, shape, and color, and it's been making me feel very anxious and scared."
Melanoma,"I've noticed a mole on my stomach that is crusty and scabbed, and it's been impacting my appetite and eating habits."
Melanoma,"The mole on my shoulder is itchy and bleeding, and it's been causing me a lot of stress and anxiety."
Melanoma,"I have a mole on my back that is red and inflamed, and it's been making it hard for me to relax and unwind."
Melanoma,"The mole on my leg is firm and raised, and it's been affecting my mobility and ability to move comfortably."
Melanoma,"I've noticed a mole on my arm that is oozing and bleeding, and it's been causing me a lot of discomfort and worry."
Melanoma,"There's a mole on my neck that is painful and tender, and it's been impacting my sleep and energy levels."
Melanoma,"I have a mole on my face that is itchy and painful, and it's been making it hard for me to focus and concentrate."
Melanoma,"The mole on my chest is scaly and flaky, and it's been making me feel very self-conscious and insecure."
Melanoma,"I've had a mole on my hand that is firm and raised, and it's been affecting my confidence and self-esteem."
Melanoma,"There's a mole on my stomach that is oozing and bleeding, and it's been causing me a lot of physical pain and discomfort."
Melanoma,"I've noticed a mole on my shoulder that is growing rapidly, and it's been keeping me up at night with worry and fear."
Melanoma,"The mole on my back is changing in size, shape, and color, and it's been making me feel very anxious and scared."
Melanoma,"I have a mole on my leg that is crusty and scabbed, and it's been impacting my daily routines and activities."
Melanoma,"The mole on my arm is red and inflamed, and it's been causing me a lot of swelling and discomfort."
Melanoma,"I've had a mole on my neck that is firm and raised, and it's been affecting my ability to move comfortably and freely."
Melanoma,"There's a mole on my face that is itchy and bleeding, and it's been causing me a lot of stress and anxiety."
Urticaria,"I have been experiencing intense itching all over my body, especially on my arms and legs. The itching is so severe that it's affecting my ability to focus on anything else."
Urticaria,"My skin has developed red welts with clearly defined edges that are constantly swelling and spreading on my chest and back. It's incredibly uncomfortable and embarrassing to deal with."
Urticaria,"The welts on my skin keep changing shape, disappearing, and reappearing within minutes. It's frustrating because I never know when the hives will flare up next."
Urticaria,"I have been experiencing dermatographism, where pressing on my skin results in immediate hives. It's painful and makes me anxious about accidentally triggering more hives."
Urticaria,"The itching from the hives has been keeping me up at night, making it hard to get a decent amount of sleep. I feel exhausted all the time because of it."
Urticaria,"My arms and legs are covered in raised, red skin that is constantly itching and burning. It's making it difficult for me to focus at work and socialize with others."
Urticaria,"The swelling and redness on my skin have been causing me a lot of discomfort and pain, especially when I'm trying to relax at home. It's affecting my quality of life."
Urticaria,"The constant appearance and disappearance of welts on my skin are making me feel anxious and self-conscious in public. I don't know how to hide it or make it stop."
Urticaria,"The hives have been spreading to different parts of my body, including my face and neck, which is making me feel incredibly self-conscious about my appearance."
Urticaria,"The itching and swelling from the hives are distracting me from my daily tasks and responsibilities. I feel like I can't concentrate on anything else."
Urticaria,"The wheals on my skin have been getting bigger and joining together to form larger patches of raised, red skin. It's making me feel insecure and uncomfortable in my own body."
Urticaria,"My skin is constantly irritated and inflamed because of the hives, making it hard for me to find any relief or comfort throughout the day."
Urticaria,"The hives are causing me physical pain and emotional distress, which is taking a toll on my mental health and overall well-being."
Urticaria,"I feel like I'm constantly on edge and anxious about when the hives will flare up next. It's exhausting to live in a constant state of uncertainty and discomfort."
Urticaria,"The dermatographism is causing me intense itching and hives whenever I accidentally scratch or press on my skin. It's a constant battle to avoid triggering more hives."
Urticaria,"The itching from the hives is so unbearable that I find myself scratching my skin raw, which only makes the hives worse. It's a vicious cycle that I can't seem to break."
Urticaria,"The welts on my skin are making me feel isolated and misunderstood, as others don't realize the physical and emotional toll that hives are taking on my life."
Urticaria,"The hives are interfering with my ability to exercise and enjoy outdoor activities, as I'm constantly worried about how my skin will react to heat and sweat."
Urticaria,"The constant presence of hives on my skin is affecting my self-esteem and confidence, as I struggle to feel comfortable in my own body."
Urticaria,"The itching and swelling from the hives are making me irritable and frustrated, as I struggle to find any relief or distraction from the discomfort."
Urticaria,"I feel overwhelmed and exhausted from dealing with the hives on a daily basis, as they impact every aspect of my life and well-being."
Urticaria,"The hives have become a constant source of stress and anxiety for me, as I never know when the next flare-up will occur or how severe it will be."
Urticaria,"The welts on my skin are causing me physical pain and discomfort, making it hard to focus on anything else or find any respite from the itching."
Urticaria,"I feel like I'm trapped in a cycle of itching, swelling, and discomfort that I can't escape from. It's affecting my mood and mental health in a significant way."
Urticaria,"The hives have made me feel socially isolated and withdrawn, as I'm embarrassed to show my skin or explain my condition to others."
Urticaria,"The constant need to manage and treat my hives is draining me both physically and emotionally, as I search for solutions and relief from the symptoms."
Urticaria,"The itching from the hives is so intense that I can't concentrate or think clearly, which is impacting my performance at work and in my personal life."
Urticaria,"The hives are affecting my sleep quality and overall energy levels, as the constant itching and discomfort make it hard to relax and rest properly."
Urticaria,"The hives have disrupted my daily routine and activities, as I struggle to cope with the physical and emotional toll they are taking on my body and mind."
Urticaria,"The welts on my skin are making me feel self-conscious and insecure about my appearance, which is impacting my confidence and social interactions."
Urticaria,"The dermatographism is causing immediate hives whenever I touch or scratch my skin, which is making me hesitant to engage in normal activities or routines."
Urticaria,"I feel frustrated and overwhelmed by the unpredictability of my hives and the lack of control I have over managing or preventing them from occurring."
Urticaria,"The itching and swelling from the hives are so intense that I feel like I'm constantly in discomfort and pain, with no relief in sight."
Urticaria,"The hives have become a constant source of worry and stress for me, as I struggle to balance my health and well-being with the demands of daily life."
Urticaria,"The welts on my skin are making me feel physically and emotionally drained, as the constant itching and swelling sap my energy and motivation."
Urticaria,"The hives are affecting my appetite and eating habits, as the discomfort and distraction from the symptoms make it hard to enjoy or focus on meals."
Urticaria,"I feel exhausted and worn out from dealing with the hives on a daily basis, as they leave me feeling drained and unable to fully engage with life."
Urticaria,"The itching and swelling from the hives are impacting my relationships and social interactions, as I struggle to focus or be present with others while dealing with the discomfort."
Urticaria,"The hives are causing me distress and frustration, as I search for answers and solutions to manage the symptoms and find relief from the discomfort."
Urticaria,"The welts on my skin are making me feel overwhelmed and anxious, as the constant presence of hives feels like a never-ending battle that I can't win."
Urticaria,"The dermatographism is a constant reminder of my condition and the limitations it places on my life, as simple actions can trigger hives and discomfort."
Urticaria,"I feel isolated and misunderstood by others who don't realize the impact that hives are having on my physical and emotional well-being."
Urticaria,"The itching and swelling from the hives are making me feel like I'm losing control over my body and my life, as the symptoms dictate my every move."
Urticaria,"The hives are impacting my ability to relax and unwind, as the constant itching and discomfort make it hard to find any peace or respite from the symptoms."
Urticaria,"The welts on my skin are causing me intense pain and irritation, as the hives spread and worsen with each passing day."
Urticaria,"I feel like I'm in a never-ending cycle of itching, swelling, and discomfort that I can't escape from, no matter how hard I try."
Urticaria,"The hives have become a constant source of stress and anxiety for me, as I worry about how they will impact my day-to-day life and future plans."
Urticaria,"The itching and swelling from the hives are so severe that I struggle to focus on anything else, as the discomfort consumes my thoughts and energy."
Urticaria,"The hives are causing me physical and emotional pain, as I navigate the challenges of managing the symptoms and finding relief from the itching and swelling."
Urticaria,"I feel overwhelmed and exhausted from dealing with the hives on a daily basis, as they impact every aspect of my life and well-being, leaving me searching for answers and solutions to manage the symptoms effectively."
Lupus,"Lately, I have been experiencing unbearable pain all over my body, especially in my joints. The swelling in my hands and feet makes it hard for me to even move. Additionally, the constant muscle pain and unexplained fevers have been extremely debilitating"
Lupus,"I have been feeling extremely fatigued recently and have been noticing a butterfly rash on my face. The sensitivity to the sun is making it hard for me to even go outside without feeling uncomfortable. I am also experiencing chest pain when taking deep breaths, which is quite concerning."
Lupus,"The hair loss I have been experiencing lately has been really affecting my self-esteem. The swollen glands and mouth ulcers are making it difficult for me to even eat properly. The pale fingers and toes, along with the swelling in my legs, are making it hard for me to walk properly."
Lupus,"I have been feeling very tired lately, and the unexplained weight loss has been worrying me. The constant pain in my joints, coupled with the red rashes on my face, are making it hard for me to even get out of bed in the morning."
Lupus,"The stiffness and swelling in my joints have been causing me a lot of discomfort. The muscle pain and fever with no known cause are making it hard for me to focus on my daily tasks. The chest pain and hair loss are adding to my overall distress."
Lupus,"The sensitivity to the sun has been making it hard for me to enjoy outdoor activities. The swollen glands and mouth ulcers are making it hard for me to speak or eat properly. The constant fatigue and muscle pain are affecting my daily life significantly."
Lupus,"I have been experiencing pain all over my body, especially in my joints. The swelling in my hands and feet is making it hard for me to even hold things or walk properly. The fever with no known cause and hair loss are adding to my overall discomfort."
Lupus,"Lately, I have been feeling extremely tired and have noticed a butterfly rash on my face. The chest pain when taking deep breaths, along with the sensitivity to the sun, is making it hard for me to even step outside. The muscle pain and pale fingers are making it difficult for me to perform simple tasks."
Lupus,"The stiffness and swelling in my joints have been making it hard for me to move around comfortably. The constant muscle pain and unexplained fevers are affecting my daily life significantly. The hair loss and swollen glands are adding to my overall discomfort."
Lupus,"I have been feeling very fatigued lately, and the weight loss is concerning. The pain in my joints, coupled with the red rashes on my face, are making it hard for me to even get out of bed in the morning."
Lupus,"The sensitivity to the sun has been making it difficult for me to go about my daily activities. The swollen glands and mouth ulcers are causing me a lot of discomfort. The pale fingers and toes, along with the swelling in my legs, are making it hard for me to walk properly."
Lupus,"The constant fatigue and muscle pain are making it hard for me to focus on anything. The chest pain and hair loss are adding to my overall distress. I have been feeling extremely overwhelmed by all these symptoms."
Lupus,"I have been experiencing unbearable pain in my joints, along with swelling in my hands and feet. The muscle pain and unexplained fevers are making it hard for me to even get out of bed. The chest pain when taking deep breaths and hair loss are adding to my overall discomfort."
Lupus,"Lately, I have been feeling extremely tired and have noticed red rashes on my face. The sensitivity to the sun is making it hard for me to even go outside without feeling uncomfortable. The swollen glands and mouth ulcers are making it difficult for me to eat properly."
Lupus,"The stiffness and swelling in my joints have been causing me a lot of pain and discomfort. The constant muscle pain and fever with no known cause are affecting my daily life significantly. The hair loss and pale fingers are making it hard for me to use my hands properly."
Lupus,"I have been feeling very tired lately, and the unexplained weight loss is concerning. The pain in my joints, along with the butterfly rash on my face, are making it hard for me to even move around comfortably."
Lupus,"The sensitivity to the sun has been making it hard for me to enjoy outdoor activities. The swollen glands and mouth ulcers are making it hard for me to speak or eat properly. The constant fatigue and muscle pain are affecting my daily life significantly."
Lupus,"Lately, I have been experiencing unbearable pain all over my body, especially in my joints. The swelling in my hands and feet makes it hard for me to even move. Additionally, the constant muscle pain and unexplained fevers have been extremely debilitating."
Lupus,"I have been feeling extremely fatigued recently and have been noticing a butterfly rash on my face. The sensitivity to the sun is making it hard for me to even go outside without feeling uncomfortable. I am also experiencing chest pain when taking deep breaths, which is quite concerning."
Lupus,"The hair loss I have been experiencing lately has been really affecting my self-esteem. The swollen glands and mouth ulcers are making it difficult for me to even eat properly. The pale fingers and toes, along with the swelling in my legs, are making it hard for me to walk properly."
Lupus,"I have been feeling very tired lately, and the unexplained weight loss has been worrying me. The constant pain in my joints, coupled with the red rashes on my face, are making it hard for me to even get out of bed in the morning."
Lupus,"The stiffness and swelling in my joints have been causing me a lot of discomfort. The muscle pain and fever with no known cause are making it hard for me to focus on my daily tasks. The chest pain and hair loss are adding to my overall distress."
Lupus,"The sensitivity to the sun has been making it hard for me to enjoy outdoor activities. The swollen glands and mouth ulcers are making it hard for me to speak or eat properly. The constant fatigue and muscle pain are affecting my daily life significantly."
Lupus,"I have been experiencing pain all over my body, especially in my joints. The swelling in my hands and feet is making it hard for me to even hold things or walk properly. The fever with no known cause and hair loss are adding to my overall discomfort."
Lupus,"Lately, I have been feeling extremely tired and have noticed a butterfly rash on my face. The chest pain when taking deep breaths, along with the sensitivity to the sun, is making it hard for me to even step outside. The muscle pain and pale fingers are making it difficult for me to perform simple tasks."
Lupus,"The stiffness and swelling in my joints have been making it hard for me to move around comfortably. The constant muscle pain and unexplained fevers are affecting my daily life significantly. The hair loss and swollen glands are adding to my overall discomfort."
Lupus,"I have been feeling very fatigued lately, and the weight loss is concerning. The pain in my joints, coupled with the red rashes on my face, are making it hard for me to even get out of bed in the morning."
Lupus,"The sensitivity to the sun has been making it difficult for me to go about my daily activities. The swollen glands and mouth ulcers are causing me a lot of discomfort. The pale fingers and toes, along with the swelling in my legs, are making it hard for me to walk properly."
Lupus,"The constant fatigue and muscle pain are making it hard for me to focus on anything. The chest pain and hair loss are adding to my overall distress. I have been feeling extremely overwhelmed by all these symptoms."
Lupus,"I have been experiencing unbearable pain in my joints, along with swelling in my hands and feet. The muscle pain and unexplained fevers are making it hard for me to even get out of bed. The chest pain when taking deep breaths and hair loss are adding to my overall discomfort."
Lupus,"Lately, I have been feeling extremely tired and have noticed red rashes on my face. The sensitivity to the sun is making it hard for me to even go outside without feeling uncomfortable. The swollen glands and mouth ulcers are making it difficult for me to eat properly."
Lupus,"The stiffness and swelling in my joints have been causing me a lot of pain and discomfort. The constant muscle pain and fever with no known cause are affecting my daily life significantly. The hair loss and pale fingers are making it hard for me to use my hands properly."
Lupus,"I have been feeling very tired lately, and the unexplained weight loss is concerning. The pain in my joints, along with the butterfly rash on my face, are making it hard for me to even move around comfortably."
Lupus,"The sensitivity to the sun has been making it hard for me to enjoy outdoor activities. The swollen glands and mouth ulcers are making it hard for me to speak or eat properly. The constant fatigue and muscle pain are affecting my daily life significantly."
Lupus,"Lately, I have been experiencing unbearable pain all over my body, especially in my joints. The swelling in my hands and feet makes it hard for me to even move. Additionally, the constant muscle pain and unexplained fevers have been extremely debilitating."
Lupus,"I have been feeling extremely fatigued recently and have been noticing a butterfly rash on my face. The sensitivity to the sun is making it hard for me to even go outside without feeling uncomfortable. I am also experiencing chest pain when taking deep breaths, which is quite concerning."
Lupus,"The hair loss I have been experiencing lately has been really affecting my self-esteem. The swollen glands and mouth ulcers are making it difficult for me to even eat properly. The pale fingers and toes, along with the swelling in my legs, are making it hard for me to walk properly."
Lupus,"I have been feeling very tired lately, and the unexplained weight loss has been worrying me. The constant pain in my joints, coupled with the red rashes on my face, are making it hard for me to even get out of bed in the morning."
Lupus,"The stiffness and swelling in my joints have been causing me a lot of discomfort. The muscle pain and fever with no known cause are making it hard for me to focus on my daily tasks. The chest pain and hair loss are adding to my overall distress."
Lupus,"The sensitivity to the sun has been making it hard for me to enjoy outdoor activities. The swollen glands and mouth ulcers are making it hard for me to speak or eat properly. The constant fatigue and muscle pain are affecting my daily life significantly."
Lupus,"I have been experiencing pain all over my body, especially in my joints. The swelling in my hands and feet is making it hard for me to even hold things or walk properly. The fever with no known cause and hair loss are adding to my overall discomfort."
Lupus,"Lately, I have been feeling extremely tired and have noticed a butterfly rash on my face. The chest pain when taking deep breaths, along with the sensitivity to the sun, is making it hard for me to even step outside. The muscle pain and pale fingers are making it difficult for me to perform simple tasks."
Lupus,"The stiffness and swelling in my joints have been making it hard for me to move around comfortably. The constant muscle pain and unexplained fevers are affecting my daily life significantly. The hair loss and swollen glands are adding to my overall discomfort."
Lupus,"I have been feeling very fatigued lately, and the weight loss is concerning. The pain in my joints, coupled with the red rashes on my face, are making it hard for me to even get out of bed in the morning."
Lupus,"The sensitivity to the sun has been making it difficult for me to go about my daily activities. The swollen glands and mouth ulcers are causing me a lot of discomfort. The pale fingers and toes, along with the swelling in my legs, are making it hard for me to walk properly."
Lupus,"The constant fatigue and muscle pain are making it hard for me to focus on anything. The chest pain and hair loss are adding to my overall distress. I have been feeling extremely overwhelmed by all these symptoms."
Lupus,"I have been experiencing unbearable pain in my joints, along with swelling in my hands and feet. The muscle pain and unexplained fevers are making it hard for me to even get out of bed. The chest pain when taking deep breaths and hair loss are adding to my overall discomfort."
Lupus,"Lately, I have been feeling extremely tired and have noticed red rashes on my face. The sensitivity to the sun is making it hard for me to even go outside without feeling uncomfortable. The swollen glands and mouth ulcers are making it difficult for me to eat properly."
Lupus,"The stiffness and swelling in my joints have been causing me a lot of pain and discomfort. The constant muscle pain and fever with no known cause are affecting my daily life significantly. The hair loss and pale fingers are making it hard for me to use my hands properly."
Lupus,"I have been feeling very tired lately, and the unexplained weight loss is concerning. The pain in my joints, along with the butterfly rash on my face, are making it hard for me to even move around comfortably."
Dermatitis,"I have been dealing with incredibly dry, cracked skin that feels tight and painful, especially on my hands and face. The itchiness is driving me crazy, and scratching only makes it worse."
Dermatitis,"My skin is covered in a rash that is swollen and varies in color, making me feel self-conscious and uncomfortable in my own skin."
Dermatitis,"The small, raised bumps on my skin, particularly on my legs, look unsightly and make me feel embarrassed to wear shorts or dresses."
Dermatitis,"I can't stop the oozing and crusting on my skin, which is not only uncomfortable but also makes it challenging to find clothing that won't irritate it further."
Dermatitis,"My skin has become thickened and feels rough to the touch, impacting my confidence and making me hesitant to socialize."
Dermatitis,"The darkening of the skin around my eyes has made me feel self-conscious about my appearance and has been difficult to cover up with makeup."
Dermatitis,"I have raw, sensitive skin from scratching, which is not only painful but also makes it hard to focus on daily tasks without feeling uncomfortable."
Dermatitis,"The constant itchiness and rash have disrupted my sleep, leaving me feeling exhausted and irritable during the day."
Dermatitis,"I have noticed that the rash on my skin is affecting my ability to concentrate at work, as the discomfort is distracting and makes it hard to focus."
Dermatitis,"The oozing and crusting on my skin has made me avoid social situations, as I feel embarrassed and uncomfortable showing my skin to others."
Dermatitis,"The darkening of my skin around my eyes has made me feel less attractive and has impacted my self-esteem."
Dermatitis,"I find myself constantly scratching my skin in public, which has led to awkward situations and judgment from others."
Dermatitis,"The thickened skin on my hands has made it challenging to perform simple tasks like typing on a keyboard or opening containers."
Dermatitis,"The rash on my skin is causing me to miss out on social events and gatherings because I feel too self-conscious to show my skin."
Dermatitis,"The constant itchiness and discomfort have made me irritable and less patient with my loved ones, causing strain in my relationships."
Dermatitis,"I have tried multiple treatments for my symptoms, but nothing seems to provide long-lasting relief, leaving me feeling frustrated and hopeless."
Dermatitis,"The raw, sensitive skin from scratching has made it painful to shower or bathe, impacting my hygiene routine."
Dermatitis,"The itching and rash have made it challenging to focus on anything else, as the discomfort consumes my thoughts throughout the day."
Dermatitis,"I have been avoiding wearing certain clothing items due to the visibility of the rash and bumps on my skin, limiting my wardrobe choices."
Dermatitis,"The appearance of my skin has made me feel insecure and has affected my overall mental health and well-being."
Dermatitis,"The constant need to scratch my skin has left me feeling exhausted and drained of energy."
Dermatitis,"I have experienced increased anxiety and stress due to the impact of my symptoms on my daily life and routines."
Dermatitis,"The constant cycle of itching, oozing, and crusting has become a source of frustration and embarrassment in my life."
Dermatitis,"The darkening of my skin around my eyes has made me feel like I look older than I am, affecting my self-image and confidence."
Dermatitis,"I have been experiencing difficulty sleeping due to the discomfort and itchiness of my skin, leading to fatigue and mood swings."
Dermatitis,"The raw, sensitive skin from scratching has made it painful to engage in physical activities or exercise, impacting my overall health and fitness."
Dermatitis,"The rash on my skin has made me reluctant to seek medical help for fear of judgment or lack of understanding from healthcare providers."
Dermatitis,"The constant need to find relief from the itchiness and discomfort has consumed my thoughts and time, affecting my productivity and daily tasks."
Dermatitis,"The thickened skin on my elbows and knees has limited my range of motion and flexibility, making it challenging to perform simple movements."
Dermatitis,"I have noticed a decline in my social life and relationships due to the impact of my skin condition on my self-esteem and confidence."
Dermatitis,"The oozing and crusting on my skin have caused me to feel isolated and ashamed, leading to feelings of depression and low self-worth."
Dermatitis,"The appearance of the rash and bumps on my skin has made me feel unattractive and undesirable, impacting my sense of self and body image."
Dermatitis,"I find myself constantly checking my skin in mirrors and reflective surfaces, obsessing over the changes and worsening of my symptoms."
Dermatitis,"The darkening of my skin around my eyes has made me feel self-conscious and less confident in social settings and interactions."
Dermatitis,"I have tried to cover up my symptoms with clothing and makeup, but the discomfort and visibility of the rash and bumps persist, making me feel helpless."
Dermatitis,"The constant need to scratch and itch my skin has become a compulsive behavior that I struggle to control, leading to feelings of shame and guilt."
Dermatitis,"The raw, sensitive skin from scratching has made it difficult to enjoy simple pleasures like hugging loved ones or playing with pets."
Dermatitis,"The itching and discomfort have disrupted my daily routines and activities, making it hard to focus on work or personal responsibilities."
Dermatitis,"I have noticed that my symptoms worsen during times of stress or anxiety, leading to a vicious cycle of emotional and physical distress."
Dermatitis,"The itchiness and rash have caused me to feel insecure and anxious in social situations, leading to avoidance and isolation from others."
Dermatitis,"The constant impact of my symptoms on my daily life has made me feel overwhelmed and exhausted, both physically and emotionally."
Dermatitis,"The appearance of my skin has made me feel self-conscious and embarrassed in public settings, leading to feelings of inadequacy and worthlessness."
Dermatitis,"I have tried to hide my skin condition from others out of fear of judgment or ridicule, causing me to feel isolated and misunderstood."
Dermatitis,"The constant need to seek relief from the discomfort and itchiness has become a full-time task that consumes my thoughts and energy."
Dermatitis,"The thickened skin on my fingers has affected my ability to perform tasks that require fine motor skills, such as typing or writing."
Dermatitis,"I have experienced a loss of interest in activities and hobbies that I once enjoyed due to the impact of my symptoms on my quality of life."
Dermatitis,"The oozing and crusting on my skin have made me feel unclean and uncomfortable, leading to obsessive behaviors around hygiene and cleanliness."
Dermatitis,"The darkening of my skin around my eyes has made me feel older and less vibrant, affecting my self-perception and confidence."
Dermatitis,"I have noticed a decline in my overall health and well-being due to the chronic stress and anxiety caused by my skin condition and its impact on my life."
Dermatitis,"The raw, sensitive skin from scratching has made it painful to engage in physical activities or hobbies that require movement or exertion."
